{
  "final": {
    "ndvi": {
      "slope": 0.8335061263110403,
      "intercept": 0.005057379141489571
    },
    "ndwi11": {
      "slope": 0.8924874302218037,
      "intercept": 0.10275590626693369
    },
    "msi11": {
      "slope": 0.7452828125819251,
      "intercept": 0.061452947183635094
    }
  },
  "validation_1": {
    "ndvi": {
      "slope": 0.8334753900735666,
      "intercept": 0.0069342589939932475
    },
    "ndwi11": {
      "slope": 0.8970826750876867,
      "intercept": 0.10129756238928883
    },
    "msi11": {
      "slope": 0.7499135531008353,
      "intercept": 0.05783716382847559
    }
  }
}